"","access_clean","access_eletric","agro_land","water_total","co2_total","crop_prod","air_transport","fert_cons","food_prod","forest_area","gov_effective","land_area","livestock_prod","methane_total","nitrous_total","air_pollution","pop_density","reg_quality","renewables","fish_total","urban_pop","renew_water","sdi","ndgain","paris","continent"
"AFG",32.45,97.7,58.2769881790166,20.282,0.297563650500103,121.7,20.0142059549175,10.9725,112.55,1.85278199408184,-1.51861417293549,652230,99.35,15679.104,4647.418829,52.41704109,57.9082516903546,-1.11377799510956,18.51,10729,25.754,1248.36180644069,0.551,32.8444258217591,"No","Asia"
"ALB",81.6,100,42.8467153284672,1.131,1.74946245713759,107.76,0,94.4393278688525,104.11,28.7919708029197,-0.0621441006660461,27400,99.01,2848.125872,1121.354209,18.63878032,104.167554744526,0.272065460681915,40.11,15011.5,61.229,9424.7371672043,0.806,50.780027038358,"No","Europe"
"DZA",99.7,99.5,17.347004145287,9.802,3.99440182789199,121.01,25.641745,20.6756433750299,112.16,0.814110350369751,-0.56773042678833,2381741,95.95,90220.78805,12597.83722,32.83308539,17.9303156808402,-1.38831329345703,0.16,105388.57,73.189,263.362676092617,0.781,47.4782850617347,"No","Africa"
"AGO",49.3,45.6338806152344,36.7987486965589,0.7057,0.753638205444169,107.59,68.04358,6.65242401640873,107.53,53.8721745407877,-1.12856233119965,1246700,106.28,35023.4996,18795.60166,28.4208104,25.9513820486083,-0.833844542503357,54.39,401696,66.177,4574.45399873424,0.626,37.4019055399106,"No","Africa"
"ATG",100,100,20.4545454545455,0.0044,5.52558159731646,84.77,0.18092731080894,10.2725,86.62,18.5909090909091,-0.0546945296227932,440,91.93,203.200389,12.02652,17.59200058,209.356818181818,0.470356702804565,0.69,3185,24.506,564.499495207182,0.597,49.440783762307,"No","Americas"
"ARG",99.9,100,42.5907792625398,37.69,3.74202981162433,113.13,280.283172,50.869758729766,112.59,10.4801786099266,-0.120677568018436,2736690,110.51,132855.1587,49875.87787,13.51118918,16.4208266190179,-0.453079700469971,10.74,828687.19,91.991,6497.7385199647,0.764,49.7589891276937,"No","Americas"
"ARM",98.1,100,58.9041095890411,2.865,2.1965523671897,68.53,0.3265,203.100944244604,81.28,11.5447839831401,-0.225958585739136,28470,101.42,2323.339834,1158.334532,33.65637939,99.0727783631893,0.242604270577431,10.34,18270,63.219,2431.75038520146,0.807,57.1327456532886,"No","Asia"
"AUS",100,100,47.1237724290889,10.53,15.5990453615115,84.06,1931.1555305,84.4899865894744,91.53,17.4213145571644,1.53876042366028,7692020,96.17,144211.7857,61687.22811,6.745497859,3.29365056253104,1.86464607715607,10.06,257363.53,86.124,19419.9083901346,0.156,69.5082299698264,"No","Oceania"
"AUT",100,100,32.1280901599612,3.49,7.26333120118199,98.08,320.036527,118.509049210504,99.96,47.2074648570044,1.49224412441254,82520,101.07,6963.743072,3779.04452,12.16821803,107.609306834707,1.44640731811523,33.98,4605.04,58.515,6193.74949323868,0.239,69.955487203306,"No","Europe"
"AZE",98,100,57.8278123260822,12.59,3.54349533028946,137.56,1620.43791,75.5911259541985,121.46,13.5533670481767,-0.12810717523098,82654,112.96,16038.22239,4478.074702,25.4950546,121.280071139933,-0.223895654082298,1.62,1708.4,56.031,809.534208082513,0.774,53.4808183508117,"No","Asia"
"BHS",100,100,1.2987012987013,NA,6.48289363427156,100.6,0,170.5625,99.87,50.9350649350649,0.445289075374603,10010,98.21,216.424712,34.561201,15.59065792,40.4152847152847,-0.0573959499597549,1.18,10151.91,83.132,1730.28769740729,0.379,48.8918601446007,"No","Americas"
"BHR",100,100,10.3846153846154,0.1551,22.063354812112,99.51,311.15413,827.614285714286,129.86,0.871794871794872,0.245266824960709,780,137,17483.53116,181.304702,59.21710593,1915.62564102564,0.471980392932892,0,14860.5,89.394,2.67703930161399,0.401,51.7947593448004,"No","Asia"
"BGD",23.5,92.2,75.8392870861182,35.87,0.559733655592985,109.87,168.660713625,316.021086983808,108.34,14.4687716063609,-0.753748297691345,130170,105.24,88389.53797,27472.5972,63.4255285,1271.53892601982,-0.937222182750702,26.37,4384219,37.405,634.378906981093,0.681,37.0713513390206,"Yes","Asia"
"BRB",100,100,23.2558139534884,0.07,4.16614319366122,97.21,NA,54.3971428571429,105.02,14.6511627906977,0.592136740684509,430,107.63,2353.026713,38.16102,21.34389367,651.581395348837,0.39874941110611,2.79,900.24,31.158,285.530730244843,0.758,57.0232140696303,"Yes","Americas"
"BLR",99.6,100,41.3223954869066,1.358,6.12342695003417,96.1,2.8839,153.880273061439,101.63,43.1261547557461,-0.174313709139824,202965,106.35,17032.60472,15522.33821,16.42351285,46.4107506220284,-0.673096418380737,7.81,10252.7,79.044,3609.43455235262,NA,59.4564310083053,"Yes","Europe"
"BEL",100,100,44.7959907529723,4.199,8.09379074556662,99.86,1353.426977272,265.8835441148,100.97,22.7642007926024,1.11346733570099,30280,101.97,8081.030875,4623.263765,12.6724532,379.424702774108,1.27653729915619,10.2,21436,98.041,1044.47914436269,0.321,63.2441386675116,"Yes","Europe"
"BLZ",83.1,92.72,7.62823323103902,0.101,1.89208291034323,93.17,0,449.784239130435,96.97,56.4756685664182,-0.634144604206085,22810,111.94,506.17676,204.101468,21.17639652,17.0580885576502,-0.559759736061096,30.43,214561.32,45.866,39219.2138166772,0.764,43.6812363856358,"Yes","Americas"
"BEN",4.8,39.9980926513672,35.0301525363604,0.13,0.60823677321991,124.72,NA,55.4636714285714,117.25,28.2471621142249,-0.490515828132629,112760,118.19,3965.78607,3093.855339,46.8584555,108.996488116353,-0.446330428123474,46.47,79377.35,47.861,838.049463469343,0.587,38.4507105916537,"Yes","Africa"
"BTN",84.6,100,13.4504457262716,0.3379,1.86720072342627,94.25,0.318844,14.3121276595745,102.23,71.3974829575249,0.251602798700333,38140,146.72,474.303204,102.523898,40.29859817,20.1221552176193,-0.359623849391937,82.85,224.27,41.612,101634.093808269,0.673,48.2370964193064,"Yes","Asia"
"BOL",86.5,95.08,35.0737763315794,2.088,1.85346150629409,107.81,22.980404,6.24507490571431,109.81,47.1095356780209,-0.790492653846741,1083300,112.65,26421.00763,9692.654062,26.83286559,10.8717022062217,-1.00195634365082,13.52,11725,69.773,25769.8804863417,0.771,41.6444238512615,"Yes","Americas"
"BIH",41.9,100,43.28125,0.3055,6.28566395622831,115.28,0,60.3591231527094,105.35,42.7326171875,-0.706194877624512,51200,85.66,3657.090099,1268.3666,29.46633319,65.63888671875,-0.128735393285751,36.84,4262.4,48.626,10563.240933243,0.712,50.9664103614866,"Yes","Europe"
"BWA",64.8,70.095085144043,45.63372328975,0.202,2.8796632558601,115.65,0.675495,51.2911153846154,100.88,27.1257918232668,0.375697076320648,566730,98.55,1887.447906,1333.910042,24.71873626,4.41074585781589,0.498032212257385,25.74,73,70.172,960.11444564192,0.36,50.4518449013576,"Yes","Africa"
"BRA",96.3,99.8,28.490129502497,67.44,2.05077012882977,111.98,1521.14944,290.244100576606,109.25,59.5585261792696,-0.233971297740936,8358140,107.56,443522.1588,182232.0875,11.65399121,25.3385176606278,-0.121404096484184,47.58,1328178.88,86.824,26730.2062067548,0.747,48.8549838518209,"Yes","Americas"
"BRN",100,100,2.5426944971537,0.092,16.111932938856,98.27,122.45694,177.25,100.29,72.1062618595825,1.2790025472641,5270,100.66,1637.264271,121.802947,7.680643971,83.1210626185958,0.624943494796753,0.01,14623.57,77.942,19404.266199138,0.255,56.1310103017222,"Yes","Asia"
"BGR",NA,99.1950073242188,46.3983050847458,5.422,5.61371010274005,110.9,1.257,135.841179516686,107.73,35.7406042741341,0.173825904726982,108560,92.25,6857.289441,4368.373865,19.36594583,64.2571941783346,0.530806183815002,19.32,26843.24,75.347,3010.42423901851,0.666,56.1749946039163,"Yes","Europe"
"BFA",10.3,17.6,45.7565789473684,0.818,0.26950158887331,116.45,0.04808,9.6884582839736,121.26,22.9035087719298,-0.778358161449432,273600,119.23,15021.63586,9729.560757,53.67033962,76.5776279239766,-0.42292308807373,67.2,28403,29.98,596.612035936663,0.487,37.7873533433214,"Yes","Africa"
"BDI",0.2,9.83940029144287,79.7897196261682,0.2801,0.0595713389942667,131.96,NA,19.9214144736842,135.1,10.8894080996885,-1.37477970123291,25680,131.11,1364.913493,1684.611594,33.27977863,462.415809968847,-0.991803586483002,84.84,21927,13.366,847.169451911681,0.467,35.3354073943407,"Yes","Africa"
"CPV",79.7,91.4,19.6029776674938,0.0253,1.06961509800184,70.18,0.049965,4.0876,78.9,11.2704714640199,0.278715848922729,4030,92.92,89.104457,56.19384,51.11721004,143.183622828784,-0.0247740764170885,22.41,17195.32,66.195,519.903644524548,0.71,50.7998366810148,"Yes","Africa"
"KHM",34.5,84,33.7108305007931,2.184,1.11633042620485,115.51,0.68860716,42.7631973298369,110.22,46.589961477453,-0.623606085777283,176520,96.35,18056.7931,4834.090588,22.1120864,91.8181849082257,-0.609220564365387,53.05,908508.01,23.805,7440.88659829689,0.64,39.9630824735156,"Yes","Asia"
"CMR",22.7,63.1768951416016,20.6257536333058,1.0884,0.370691707164993,102.53,0.031566,13.3853290322581,100.86,43.147976560682,-0.866170048713684,472710,100.24,17422.17091,62183.30517,64.47088106,54.5415603647056,-0.847178757190704,78.79,303853.82,56.968,10588.6428233961,0.607,39.7792012523177,"Yes","Africa"
"CAN",100,100,6.43435624426279,36.253,15.0527469447143,106.99,3109.04305844707,106.732560546471,110.39,38.6996371683291,1.69739508628845,8965590,115.99,103220.225,44164.50684,7.100156005,4.19394931064213,1.71000242233276,22.47,980163.12,81.482,75795.3928634781,0.179,68.4380059811605,"Yes","Americas"
"CAF",0.800000000000001,14.3,7.87986773251148,0.0725,0.0451882048419334,110.23,NA,0.236638888888889,107.21,35.8486628784231,-1.780198097229,622980,105.58,9538.027066,10056.09004,46.3767539,8.36194420366625,-1.38387441635132,91.26,29209,41.77,27066.8516682779,0.428,27.7253411607755,"Yes","Africa"
"TCD",6.6,8.4,39.9761753494282,0.8796,0.0981963885605548,109.81,NA,2.35431698113208,118.38,3.51175349428208,-1.60704827308655,1259200,123.39,56111.13106,25832.43137,59.2825236,12.8072315756036,-1.12440085411072,72.78,107105,23.279,930.124923218188,0.428,26.6418632195065,"Yes","Africa"
"CHL",100,100,15.2390051806782,35.368,4.82762007480769,110.73,1232.41109,330.505174785793,107.59,24.3268615204188,0.863591849803925,743532,102.45,11657.5438,6599.049106,22.76585719,25.6068131566631,1.15849316120148,25.27,3787588.99,87.643,46482.3497064128,0.678,60.3592263975887,"No","Americas"
"CHN",79.4,100,55.462649429444,602.12,7.64543578560038,107.06,25394.5878,399.598971711768,103.21,23.2311175399783,0.54490339756012,9388210,96.97,1163215.195,536538.2013,47.67263439,149.948179684945,-0.304319977760315,14.33,82593752.45,60.308,1998.16017815727,0.461,57.1682621825438,"Yes","Asia"
"COL",92.1,99.4442596435547,39.9765660207301,28.23487353,1.57782014077396,105.54,1547.674684,508.886726091011,104.81,53.4846327174403,0.032749880105257,1109500,106.81,78081.48948,22577.39139,22.01072747,45.2342550698513,0.317910939455032,31.5,283097.95,81.104,42739.8060780428,0.801,47.9262315633541,"Yes","Americas"
"COM",9.60000000000001,83.3279495239258,71.4669532509404,0.01,0.412396679587249,107.08,NA,1.782,105.84,17.9258463191832,-1.75323903560638,1861,99.03,237.035156,47.7098,17.15567571,425.032778076303,-1.19900012016296,53,NA,29.164,1517.09385501134,NA,37.4825261244952,"Yes","Africa"
"COD",4.2,19.1,14.9224763459121,0.6836,0.0337148799163223,110.94,0.7512,2.40997953216374,109.93,56.1331289561324,-1.65568780899048,2267050,100.95,35279.79664,14859.45101,35.86088793,39.658097527624,-1.52206444740295,96.29,242290,45.046,10010.3562696919,0.517,32.3852076986186,"Yes","Africa"
"COG",32.2,47.7288208007813,31.1361639824305,0.046,1.25766214248646,102.97,4.15110874340146,4.2566,103.94,64.307467057101,-1.13162696361542,341500,106.52,10589.08843,1777.594051,39.30341272,16.312541727672,-1.29221296310425,69.97,71080.84,67.373,39851.1291063492,0.618,35.0746008252789,"No","Africa"
"CRI",95.4,99.71,34.7826086956522,3.13813,1.56482445188662,96.99,10.8,637.059794238683,101.84,59.1167254210732,0.347733318805695,51060,111.08,4919.66067,1988.550226,17.42174135,99.57955346651,0.544661998748779,33.42,39814.97,80.076,22224.267641545,0.85,53.9656357700988,"Yes","Americas"
"CIV",28.7,68.566650390625,73.0503144654088,1.162,0.414528305155615,121.55,9.166862,52.5044771428571,116.75,9.27547169811321,-0.559290289878845,318000,113.17,7780.217869,3328.791218,55.62337378,82.2250031446541,-0.300067454576492,62.41,114051.42,51.239,2938.70733821305,0.58,40.6463112635554,"No","Africa"
"HRV",100,100,26.8744192695304,0.67,4.06451947763153,98.19,0.4406,211.750911300122,99.5,34.6045672217854,0.456991463899612,55964,101.45,3678.502955,1760.421047,18.46495986,72.6405010363805,0.552517652511597,31.6,85024.38,57.242,9273.7155596466,0.714,55.6443818217387,"Yes","Europe"
"CUB",94,99.8,61.6666666666667,6.958,2.15774090266798,92.64,13.708525,25.5737743244172,95.36,31.233140655106,-0.177793011069298,103800,104.21,10837.05943,3480.347125,17.72659724,109.024055876686,-1.50501537322998,23.14,45468.3,77.109,3368.47403442895,0.811,45.8746688922309,"Yes","Americas"
"CYP",100,100,13.5636796536797,0.231,5.85187933947248,88.74,0.14,187.751191705007,106.12,18.6742424242424,0.955951392650604,9240,115.62,744.686573,369.459398,15.57380293,132.990909090909,0.999724805355072,11.97,9638.39,66.805,634.747028895638,0.334,58.280677520836,"Yes","Asia"
"CZE",100,100,45.6399997409511,1.506,9.15611790623386,87.1,22.73254,165.691543313831,92.95,34.6514173213048,0.919761836528778,77205.5,100.42,12423.22987,5078.653309,16.75140093,138.226810266108,1.23532867431641,15.88,24707,73.921,1232.21141187065,0.399,64.6250915417786,"Yes","Europe"
"DNK",100,100,65.649125,0.945594,5.10738642637222,103.74,NA,136.082852100978,100.59,15.6875,1.87338101863861,40000,98.98,7896.685272,5419.384022,9.785959755,145.36055,1.5476325750351,37.29,679876.49,87.994,1031.91684401304,0.37,71.4458418048583,"Yes","Europe"
"DJI",9.20000000000001,64.7,73.4641932700604,0.019,0.398763866464803,158.49,NA,24.47,136.75,0.245901639344262,-0.817990303039551,23180,129.2,656.5119,258.864494,43.16577438,46.3327868852459,-0.821162223815918,26.99,NA,77.915,279.331169447874,0.564,42.9297473638266,"Yes","Africa"
"DMA",89.6,99.9192276000977,33.3333333333333,0.02,2.43741949935599,100.2,NA,802.26,100.26,63.8266666666667,-0.253151446580887,750,100.65,43.70442,21.07685,18.60844325,95.2373333333333,0.151736706495285,7.91,860.4,70.786,2800.0224001792,NA,54.0573126571576,"Yes","Americas"
"DOM",90.9,99,51.1034903536639,7.137,2.36863439614581,120.14,0,155.083740022805,116.56,44.9393027708232,-0.351272493600845,47531,108.67,9137.69986,3404.53699,17.72938154,228.942837306179,-0.0187732968479395,14.89,18731.01,81.828,2159.55291557104,0.811,46.4447569254609,"Yes","Americas"
"ECU",94.5,99.09,21.4607827347399,9.9158,2.28505501120289,94.94,50.80511,380.863690596562,100.44,50.5802061523595,-0.367639988660812,248360,105.72,28293.94223,5276.364039,19.97447395,69.8330649057819,-0.796693980693817,17.73,1303595.23,63.986,25507.7624549261,0.783,44.3649715132198,"No","Americas"
"EGY",99.9,100,3.93992666633181,77.5,2.06316078338081,101.21,483.4138791,504.721963342653,100.61,0.0451855944547692,-0.251194149255753,995450,99.78,65216.60506,20367.87605,67.88817813,106.101432517957,-0.758563220500946,6.23,2038992.34,42.73,9.46802294075448,0.752,46.1005673810702,"Yes","Africa"
"SLV",90.7,97.36,57.707528957529,0.3891,1.25994054027114,107.01,13.107,59.3907489597781,102.87,28.3967181467181,-0.531054139137268,20720,95.11,3273.22967,932.473244,22.32472418,303.099276061776,-0.0379504486918449,19.38,61592.74,72.746,2488.76750596357,0.723,45.9157811794518,"Yes","Americas"
"GNQ",24,66.5712509155273,3.73618538324421,0.0198,3.13998883473672,102.84,0.288954,16.8433962264151,102.64,87.5857397504456,-1.04120028018951,28050,100.24,5028.424988,34.701962,45.28465901,55.3665240641711,-1.69174087047577,8.12,6432.72,72.627,16741.4559013954,NA,41.6990738921776,"Yes","Africa"
"ERI",11.1,50.2704086303711,62.7020628070177,0.582,0.199267295412336,99.93,0,5.98663768115942,103.91,8.74145380877288,-1.80254232883453,121080.546,106.28,3694.387114,1719.642553,44.07053957,28.8966156462492,-2.19213676452637,80.55,5644.4,40.712,800.270262700146,NA,30.3995847208222,"Yes","Africa"
"EST",100,100,23.1204678362573,1.00645,7.58212010267556,120.29,0,90.2739130434783,106.74,57.0385964912281,1.13979399204254,42750,95.47,1092.331316,1829.81086,5.893562381,31.0385497076023,1.58012461662292,31.34,87816.97,69.051,9578.73174878551,0.26,64.3671501649164,"Yes","Europe"
"SWZ",54.7,77.0303955078125,69.593023255814,1.068,0.999903386846761,104.84,0.043615,63.3333333333333,104.02,28.8575581395349,-0.638883948326111,17200,101.04,1338.517451,447.5226,23.34521196,68.0007558139535,-0.531037092208862,65.47,165,23.981,2257.15685444673,0.621,42.0534306434778,"No","Africa"
"ETH",6.2,48.0476188659668,33.8392576144297,10.5481,0.155169188831947,108.11,2450.27296,31.9104446640316,110.36,15.1886785650104,-0.661525189876556,1128570.858,115.78,90115.60119,51133.34736,33.7807199,101.119564793866,-0.910632014274597,89.5,59432,21.225,1069.04455825037,0.523,38.6287556983433,"Yes","Africa"
"FJI",47.9,96.0940475463867,17.1209633278599,0.0849,1.51720533716581,109.58,108.9135,81.1758575197889,120.46,62.0328407224959,0.76248824596405,18270,141.44,501.497348,198.648411,10.9932094,50.2717569786535,0.0334556773304939,26.48,42053.87,56.75,31084.472462206,0.786,51.3756448392069,"Yes","Oceania"
"FIN",100,100,7.48198598361465,3,7.42303960115952,106.37,1067.31511,95.2806191536748,102.16,73.7307932747672,1.97287130355835,303930,99.94,4639.851178,6008.999936,5.565330197,18.1673609054717,1.84047222137451,45.6,179213.09,85.446,19378.4199741887,0.225,73.4501969313851,"Yes","Europe"
"FRA",100,100,52.2706969320089,26.27207965,4.46016494835631,100.05,4522.586,156.655377632234,98.14,31.3567354631573,1.33828783035278,547557,97.77,59456.62171,37375.35948,11.40575038,123.070294051578,1.43153774738312,15.53,719886.96,80.709,2967.88741366582,0.49,68.0379461134735,"Yes","Europe"
"GAB",88.8,90.3191452026367,8.35656459812939,0.1391,2.35176354398661,103.89,NA,39.8623384615385,103.7,91.3667869755889,-0.957518041133881,257670,102.81,7821.91383,584.242164,36.74675483,8.70409826522296,-0.958428800106049,89.78,29055,89.741,73123.3711657604,0.748,42.997933619273,"Yes","Africa"
"GMB",1.8,62.1,62.6482213438735,0.1016,0.241900479217245,55.91,0,4.21961363636364,69.98,24.5454545454545,-0.765243172645569,10120,100.33,1316.506678,341.508,58.08072376,247.913339920949,-0.717234313488007,47.32,56231.66,61.931,1195.75125663492,0.534,38.0701627918297,"No","Africa"
"GEO",87.6,100,34.1430421643402,1.57214,2.83579124666916,107.25,0.640604,68.5668078175896,105.89,40.6159159591308,0.766231834888458,69490,103.51,5191.288153,1970.95314,17.85586499,65.0855698239966,1.02652418613434,24.69,254200.15,59.039,15625.6678138392,0.823,58.2599069007897,"Yes","Asia"
"DEU",100,100,47.7002776267209,24.443,7.9271876239049,88.66,7763.61921423928,174.098685333789,94.4,32.6826755201923,1.49546587467194,349390,98.07,48449.86781,35033.80659,11.80580716,237.822954291766,1.71493887901306,17.07,265150.8,77.376,1287.71435539872,0.351,70.2616818911126,"Yes","Europe"
"GHA",27.3,83.5,54.8473863936011,1.4486,0.572264895729339,115.98,0,40.1360593104127,115.75,35.0640766458645,-0.290070623159409,227540,111.77,11193.33691,5489.526246,53.98926008,138.535158653424,-0.185462951660156,42.6,370365.72,56.707,961.224581082149,0.659,44.8753096153572,"Yes","Africa"
"GRC",100,100,45.5173622963538,10.115,5.59528435262632,102.71,23.90576,141.269006718043,100.63,30.2699767261443,0.31449168920517,128900,94.04,9341.491012,4419.122187,14.2538714,83.1775174553918,0.517325818538666,18.52,211994.58,79.388,5409.6494341973,0.417,59.6603119921539,"Yes","Europe"
"GRD",89.2,92.9706954956055,23.5294117647059,0.0141,2.82096411459861,83.52,NA,124.343333333333,91.52,52.0588235294118,-0.108668252825737,340,128.82,2037.632841,7.633283,21.48591655,360.952941176471,-0.293633937835693,10.37,2081.39,36.396,1629.67308757863,NA,54.017810372201,"Yes","Americas"
"GTM",46.3,95.4291458129883,42.7696901829041,3.3241,1.14537281500282,95.49,0.0273,176.951326397919,101.74,33.0291153415453,-0.726433575153351,107160,107.52,10380.6785,4899.088092,27.64788197,154.946117954461,-0.335179150104523,62.82,46714.26,51.439,6576.71820075444,0.714,43.7895673635845,"Yes","Americas"
"GIN",0.900000000000001,42.2,59.5393130392316,0.89,0.350765779082478,118.48,NA,6.85734516129032,118.71,25.3499918606544,-0.855753898620605,245720,121.45,16183.83068,6496.155523,52.51253174,52.4073701774377,-0.812190234661102,68.27,360643.2,36.5,17549.9371424928,0.514,39.0368965239164,"Yes","Africa"
"GNB",1,30.9319953918457,28.9868421052632,0.175,0.16508860634868,115.27,NA,28.4716666666667,112.83,70.7130156472262,-1.5601292848587,28120,102.56,1249.664868,763.204603,54.06829369,70.0731507823613,-1.27179884910583,86.2,60170,43.777,8119.94374908968,NA,32.0127445886203,"Yes","Africa"
"GUY",79.5,91.646484375,5.29337058674117,1.4447,3.50033114116629,107.37,0.0475892117738182,62.1661428571429,109.5,93.5968503937008,-0.39551830291748,196850,121.77,1600.573505,580.385037,20.10090382,4.05767335534671,-0.611618995666504,11.31,39330.02,26.689,301720.3065278,NA,42.9676909737292,"Yes","Americas"
"HTI",4.1,45.4395332336426,64.9492017416546,1.45,0.297241022260954,76.09,0,52.85635,80.52,12.7144412191582,-2.06706643104553,27560,98.85,5186.005988,1521.249142,19.03230796,404.950580551524,-1.3158164024353,76.37,17905,56.192,1165.45605109764,0.549,35.9380178289585,"Yes","Americas"
"HND",48.6,91.1,31.361158280454,1.607,1.02385531471622,119.5,1.149492,157.450383104126,106.6,57.0221646259719,-0.619096457958221,111890,108.24,7564.1894,3005.299655,22.87512366,89.0055322191438,-0.495705455541611,46.16,80012,57.73,9103.47993724965,0.683,40.5811232019166,"Yes","Americas"
"HUN",100,100,57.8347578347578,4.463075,4.8368762665486,97.18,0,145.985638174658,99.38,22.5122726276572,0.45059597492218,91260,103.47,6992.811423,6334.514183,16.49434933,107.069263642341,0.592322170734406,13.64,22119.31,71.644,614.053159196045,0.728,57.4749677349664,"Yes","Europe"
"ISL",100,100,18.565903005058,0.29,4.54345010442003,109.87,138.653502,117.685950413223,107.04,0.502727362888029,1.48212385177612,100830,106.78,527.469604,369.198526,5.698616135,3.5759496181692,1.36299002170563,81.57,1094841.83,93.855,471484.872269201,0.178,70.7893535371383,"Yes","Europe"
"IND",63.3,95.8859405517578,60.2198133654425,647.5,1.75253436625037,112.34,1938.232596,186.456666096266,116.09,24.1806275414622,0.13084465265274,2973190,122.6,696431.7852,270295.0167,83.19931634,465.194639427685,-0.150565445423126,33.27,13410100.01,34.472,1045.46844198198,0.696,43.0919186307677,"Yes","Asia"
"IDN",81.6,98.85,34.1407996403765,222.635,2.24528577070833,107.59,981.74186,224.181375665399,109.6,49.3942964092507,0.138761013746262,1877519,166.78,339612.8029,72524.5077,19.37146134,143.584633764026,0.0289513897150755,19.77,22618341.11,55.985,7488.23521351382,0.768,46.9909004867037,"Yes","Asia"
"IRN",96.7,100,28.9604519568567,92.95,7.22298000274987,92.01,152.258660678818,63.2442343595831,91.76,6.6215531587057,-0.599489986896515,1622500,90.69,180210.4594,38474.10943,38.01508315,53.3523587057011,-1.44250011444092,1,1282681.01,75.391,1484.44734695296,0.602,50.5737179111371,"Yes","Asia"
"IRQ",99,99.9910278320313,21.5811926436443,56.614,4.34726413932218,127.22,0,55.1767840611793,123.65,1.90036118379833,-1.31065630912781,434128,107.94,93815.34436,5557.485572,48.46825216,95.7402425091217,-1.09659099578857,1.04,62338,70.678,846.89650924657,0.681,42.8385301524492,"No","Asia"
"IRL",100,100,65.6699085498621,1.5357,7.25774875667262,90.49,174.5404,1494.3755530474,114.38,11.2936565539265,1.2576550245285,68890,116.4,15224.74347,9552.011452,7.854094218,71.6263608651473,1.59087955951691,12.33,276357.34,63.405,9930.40609281079,0.35,64.8920770160534,"Yes","Europe"
"ISR",100,100,29.5009242144177,1.164,6.9357521537442,96.15,889.334,231.476137566138,100.6,6.46950092421442,1.2887442111969,21640,103.11,9626.87945,2699.185644,19.75989688,418.391866913124,1.26991045475006,4.49,18986,92.501,82.8363154406892,0.383,60.7537131443976,"Yes","Asia"
"ITA",100,100,44.3699956377212,33.845,5.31103098673157,93.88,1344.955151,128.005145365693,98.46,32.1669704480973,0.451061338186264,295717,107.13,44260.25921,16450.4549,16.08828133,201.980545589195,0.942923724651337,17.27,319875.3,70.736,3055.46304990027,0.51,59.7307998606979,"Yes","Europe"
"JAM",84.2,98.930305480957,38.5041551246537,1.35,2.98328969678791,100.59,0,77.5940833333333,104.72,54.7553093259464,0.589010059833527,10830,109.42,837.456849,439.386471,15.28940246,259.812834718375,0.084404744207859,9.2,14631.45,55.985,3846.43679500798,0.771,48.3102827161575,"Yes","Americas"
"JPN",100,100,12.9355281207133,78.4,8.47840057488964,97.73,8919.48,226.503394762367,100.39,68.4087791495199,1.55019092559814,364500,102.47,26155.26387,18890.32539,13.46980666,347.415637860082,1.31464898586273,7.76,4199651.31,91.698,3395.63936730552,0.31,65.609163719028,"Yes","Asia"
"JOR",99.9,99.9,11.6730860193256,0.94184,2.16362144761182,85.86,153.56892,112.313780260708,98.06,1.09804716534901,0.0748955011367798,88794,118.79,6543.202647,1291.304137,30.64558855,120.488805549925,0.029683930799365,8.46,2618.73,91.203,63.7461638969955,0.763,51.4830425909678,"Yes","Asia"
"KAZ",93.8,100,79.2585472459903,23.516,11.0508703486337,108.72,49.84901,2.91739208871854,110.37,1.26882246175501,0.0689593032002449,2699700,116.09,69016.98866,11865.66376,20.29485447,6.85767789013594,0.107311986386776,1.85,52577.69,57.54,3475.80947335518,0.357,59.4384162282321,"No","Asia"
"KEN",19.5,69.7,48.6874934111115,4.032,0.382362032876395,108.6,320.952554616571,57.2875706896552,108.69,6.34481849808483,-0.441803723573685,569140,105.26,36858.06249,20241.67365,21.61458718,89.5235794356397,-0.338947534561157,71.42,144838.81,27.507,406.269105197202,0.647,39.2467608649447,"Yes","Africa"
"KIR",10,89.2557525634766,41.9753086419753,NA,0.592397034795277,92.74,0,2.04,94.04,1.45679012345679,-0.0515526756644249,810,106.73,22.860735,5.036988,9.468882294,153.383950617284,-0.456636726856232,42.59,238694.39,54.835,NA,NA,NA,"Yes","Oceania"
"PRK",11.1,48.4098854064941,21.5513661656009,8.6578,2.15676369121383,102.54,0.487101,46.3179651416122,102.59,50.255958807408,-1.4345076084137,120410,102.72,18085.49905,2884.793595,44.32957478,213.897857320821,-2.41876745223999,11.31,884760,62.134,2601.39207090261,NA,43.6795107344108,"Yes","Asia"
"KOR",100,100,16.7725409836066,29.197,11.8252835873752,97.11,10664.3782296361,366.531055718475,101.04,64.5184426229508,1.33259665966034,97600,105.2,22093.77855,10311.68985,27.44033926,530.377274590164,1.05925858020782,3.23,3824685.84,81.43,1252.7812806929,0.251,67.7613014203635,"Yes","Asia"
"KWT",100,100,8.41750841750842,0.7701,21.1352142487222,120.73,364.649349,946.96125,118.23,0.350729517396184,-0.0172720868140459,17820,116.49,24284.1462,1003.566069,60.96648013,249.219977553311,0.0501894392073154,0.06,3473.84,100,0,0.103,53.5079716655731,"Yes","Asia"
"KGZ",77.8,99.8846740722656,54.0583941605839,7.707,1.55159381679626,109.81,0.495853,22.6697219201491,109.48,6.76298227320125,-0.731642365455627,191800,109.6,4796.577991,1977.277429,24.07288994,33.6611053180396,-0.392827451229095,28.31,4320,36.591,7578.76150057309,0.738,53.6878186633473,"No","Asia"
"LAO",7.9,98.397346496582,9.12781629116118,7.35,2.65817514097581,97.93,0.910194,53.4300710095709,98.87,72.053726169844,-0.816826343536377,230800,171.87,7731.493227,2939.691871,20.54733513,31.2480632582322,-0.756039798259735,48.72,187701,35.645,26400.2496931179,0.658,42.9764370792541,"Yes","Asia"
"LVA",100,100,31.4975814357112,0.178629,3.95496550880907,106.44,5.1637624,105.570128885519,104.75,54.7498674208945,1.06583380699158,62227,102.14,1980.055447,2318.54837,12.01165835,30.755491989008,1.1824791431427,41.48,71993.64,68.222,8851.39788339773,0.465,60.5994722278086,"Yes","Europe"
"LBN",NA,99.9504852294922,65.6207233626589,1.812,4.65529798386588,99.42,51.70094,236.332372505543,100.66,13.9521016617791,-0.809006750583649,10230,104.78,3407.219931,899.800054,28.96029994,565.191300097752,-0.532850027084351,5.13,3555.8,88.758,830.175926385533,0.708,44.6956852158366,"Yes","Asia"
"LSO",39.6,44.5633964538574,80.1383399209486,0.0438,1.03342675704115,85.68,NA,7.82074592074592,89.33,1.13702239789196,-0.902621507644653,30360,92.35,909.867197,482.804958,27.52281327,73.3103425559947,-0.607284188270569,39.47,2602,28.585,2349.82041621026,0.555,41.6095694265134,"Yes","Africa"
"LBR",0.4,23.1,19.9651162790698,0.1459,0.229916460209228,105.64,NA,21.742,97.94,79.3988787375415,-1.39507031440735,96320,106.06,362.138749,317.251046,50.59973692,51.7575685215947,-1.00815343856812,89.71,16384.03,51.615,40118.0352834109,0.517,33.9891706837277,"Yes","Africa"
"LBY",NA,68.4728927612305,8.72387101174171,5.72,8.32576759513649,99.67,0.758181,18.1099651162791,101.89,0.123327687918433,-1.77413475513458,1759540,106.44,53112.78638,1788.117113,38.59119845,3.73341214180979,-2.30232048034668,3,32345,80.393,106.559692913232,0.691,42.7262380875094,"Yes","Africa"
"LTU",100,100,47.5087831363781,0.25439,4.20015196105273,94.09,0,137.083502870835,94.17,35.1325455126158,1.00776672363281,62620,94.58,3033.196393,4487.435132,10.37350411,44.6205206004471,1.14662408828735,33.54,106434.56,67.855,5533.01430817458,0.293,61.0498461675007,"Yes","Europe"
"LUX",100,100,51.1144084584729,0.0493,15.3230398015487,92.85,7188.04334,225.810293904033,110.39,34.4538272103664,1.69563114643097,2574.46,115.4,558.712615,384.720323,10.06890585,240.827591028798,1.68511009216309,16.45,NA,91.223,1612.90062435383,NA,68.2565279268715,"Yes","Europe"
"MDG",1.2,31.04,70.2904778274321,13.4575,0.142653575143316,102.54,16.18255,11.94542,100.6,21.3871261601925,-1.19329237937927,581800,95.4,18364.01847,7491.9816,17.8593854,47.3240529391543,-0.788889169692993,82.52,127882.67,37.861,12239.7980556808,0.568,35.0176401641967,"Yes","Africa"
"MWI",1.8,11.2,62.8765379719983,1.3568,0.0871188127927116,125.13,0.00246400383690811,30.2476405363589,130.68,24.2225286380993,-0.798726916313171,94280,145.86,4240.084088,5049.02932,22.34665143,200.12024819686,-0.749148666858673,72.1,163184,17.174,855.446637752853,0.521,36.8937002095696,"No","Africa"
"MYS",94.9,100,26.0873535230558,6.707,7.46499971649816,103.39,1378.744705,1346.36923728814,97.45,58.3295997565059,0.967821717262268,328550,97.47,38069.20426,9257.203557,16.59099631,99.8448333586973,0.547572374343872,5.59,1877376.18,76.607,17680.7598580906,0.491,56.9201841239975,"Yes","Asia"
"MDV",99.3,100,21.3333333333333,0.0047,3.96326718307737,105.39,0,71.7282051282051,104.66,2.73333333333333,-0.195732101798058,300,99.75,133.020647,10.177008,10.94405416,1681.69333333333,-0.55177366733551,1.11,NA,40.238,59.4638737145893,0.715,45.6267008163149,"Yes","Asia"
"MLI",0.900000000000001,47.8547897338867,35.0379858874438,5.186,0.191438655613848,128.69,NA,29.979296747457,127.61,10.896663634352,-1.09925186634064,1220190,119.57,22142.70146,13985.14056,60.62414043,16.8559191601308,-0.623046398162842,66.91,116347,43.136,2917.23455499337,0.467,34.9637240141549,"Yes","Africa"
"MLT",100,100,32.4375,0.0409045258,3.29046823605033,59.71,6.727273,97.5126791620728,73.71,1.4375,0.824310183525085,320,86.53,223.108009,49.076912,12.9910498,1575.19375,0.938031852245331,7.4,16315.55,94.678,100.186088219306,0.563,57.9195322392064,"Yes","Europe"
"MRT",47.2,44.9479293823242,38.5272145144077,1.3482,0.872475306517173,104.91,0,14.1840666666667,104.4,0.308819249054041,-0.609396576881409,1030700,104.27,6891.17618,3245.100363,66.8117824,4.25327350344426,-0.82778126001358,24.98,NA,54.507,91.2440186694387,0.588,40.0295088600889,"Yes","Africa"
"MUS",98.8,100,43.064596895343,0.595,3.296800515014,87.29,213.641,194.871866666667,94.19,19.3940911367051,0.862325489521027,1997,108.63,1951.587343,238.402544,14.91383169,633.943415122684,1.01627027988434,8.94,37487.49,40.766,2173.01152857261,0.609,56.4195236416064,"Yes","Africa"
"MEX",84.6,99.6,49.4385143650814,89.351,3.6121651406375,112.23,1072.52473,108.621429896907,111.92,33.8588183852465,-0.306652963161469,1943950,112.01,142624.8687,43635.05416,20.12401203,64.3459507703387,0.0125951962545514,10.27,1832368.76,80.444,3269.76842228901,0.774,49.0563358965417,"Yes","Americas"
"FSM",13.1,80.0837020874023,7.14285714285714,NA,1.33059194282585,100.51,NA,1.14,101.31,91.9857142857143,0.0971257835626602,700,104.77,51.890546,27.123489,10.38285056,159.112857142857,-0.902161478996277,1.98,181769.51,22.812,NA,NA,36.7932804484646,"Yes","Oceania"
"MDA",97.2,100,68.7711146722455,0.839,3.34866737931946,126.54,1.22908832,51.1865850050299,118.65,11.7527572607105,-0.44062128663063,32885.9,87.96,3342.571798,1085.882552,13.74739724,92.756093569939,-0.0475217662751675,22.04,12730,42.726,608.056980193858,0.805,51.1504683003939,"No","Europe"
"MNG",49.9,98.9232559204102,72.8032862891056,0.4624,7.16083565614723,109.69,7.38543,35.2335039133052,131.33,9.10182513109581,-0.234557524323463,1557258,132.42,18794.3025,14729.31093,38.05757134,2.07571898811886,-0.00252702389843762,3.32,NA,68.543,10765.894389051,0.615,54.3428602858168,"Yes","Asia"
"MNE",62,99.9622802734375,19.1078066914498,0.1609,4.18164455619361,92.82,0.15295,292.824444444444,97.68,61.4869888475836,0.106615714728832,13450,100.95,784.06156,150.368583,21.25685256,46.2474349442379,0.394997239112854,38.74,2350,67.15,NA,0.464,55.3682143839102,"Yes","Europe"
"MAR",98.2,99.6,66.34978041676,10.573,1.95530801659126,107,102.19214,59.9339016698739,110.16,12.8435805511987,-0.25156381726265,446300,115.98,12095.11759,8900.228165,35.05284088,81.3453013667936,-0.154595121741295,10.57,1477511.76,62.994,798.801071208763,0.738,52.0631107208213,"Yes","Africa"
"MOZ",4.9,29.6864433288574,52.6638927744856,1.473,0.248639658557146,144.82,6.347,10.7965221238938,135.03,47.0079478114906,-0.888383805751801,786380,117.91,16573.88134,9714.093258,20.77406654,38.5126719906407,-0.780855536460876,78.34,403580.35,36.528,3311.80549696976,0.491,38.9418123679639,"Yes","Africa"
"MMR",35.2,68.3115005493164,19.8857055308718,33.231,0.640928810767197,97.87,8.30683,63.5751574101034,79.94,44.1758847862724,-1.18532156944275,652700,37.65,72567.83334,22435.80664,29.43314277,81.2627730963689,-0.753546059131622,58.89,3033272.79,30.852,18906.4101025841,0.628,38.3703957110823,"Yes","Asia"
"NAM",46.5,53.2785835266113,47.1413475203148,0.2819,1.76417165717612,98.7,6.900144,25.5051875,97.48,8.15011721264682,0.0947277694940567,823290,96.69,3812.544338,2333.440092,24.19978552,2.97178879860074,-0.000301949679851532,30.23,467429.12,51.042,2517.73449672286,0.66,45.797839073438,"Yes","Africa"
"NRU",100,100,20,NA,4.40158259149357,103.44,1.72681,NA,100.57,0,-0.00379154761321843,20,90.7,4.283626,0.370388,5.857163356,606.6,-0.139852851629257,0.62,33525.3,100,824.266402901418,NA,46.1462389109038,"Yes","Oceania"
"NPL",32.9,89.9,28.7478200209278,9.4971,0.480724943133609,112.05,5.847551,87.2752803141411,114.04,41.5907220090687,-1.0925520658493,143350,120.43,23553.20035,6988.241789,83.10319363,201.133561213812,-0.735730886459351,77.18,92252,20.153,6874.18806890669,0.648,43.0463506632394,"Yes","Asia"
"NLD",100,100,53.959013959014,8.4034,8.41396927991521,104.56,5656.442,273.80180001978,100.83,10.9465399465399,1.76726531982422,33670,99.24,15539.59728,8500.635056,12.0392862,515.143272943273,1.84916996955872,8.61,366711.8,91.876,634.193133948393,0.282,66.7058043460301,"Yes","Europe"
"NZL",100,100,39.2882913675895,9.875,6.83005302056555,106.3,1207.88220494,1677.29413919414,101.71,37.4673198891041,1.63260245323181,263310,100.79,32574.08016,15000.55907,6.048305496,18.9100300026585,1.8710173368454,27.93,527209.86,86.615,65673.2005141388,0.357,70.3082846739836,"Yes","Oceania"
"NIC",55.2,85.661979675293,42.2469669270401,1.2724,0.770101819888702,118.2,NA,57.9832268795742,115.37,29.1468339704172,-0.77734512090683,120340,119.43,9391.751947,3405.599281,20.43900913,55.3758018946319,-0.714432656764984,50.72,80833.29,58.76,23441.1436865126,0.711,41.5414310122136,"No","Americas"
"NER",2.5,18.4574337005615,36.7845583010973,2.5833078,0.092100576055693,119.8,NA,0.949461581920904,118.78,0.862177311123392,-0.840419888496399,1266700,115.6,27251.9331,12622.55713,80.10926696,18.507454803821,-0.72416877746582,80.74,40409.65,16.517,149.295795194834,0.424,35.6833026827333,"Yes","Africa"
"NGA",12.8,55.4,75.0376055425629,12.472,0.588005207479626,108.04,1.84341946,18.6103276198742,107.48,23.9250853673265,-1.21332895755768,910770,103.35,155074.7593,40849.77892,70.39625682,223.222648967357,-0.940476417541504,80.81,1114556.25,51.157,1087.03943442627,0.581,37.6550434677302,"No","Africa"
"MKD",77.2,100,50.1586042823156,1.59918,3.83113737507789,94.74,NA,61.2560859188544,95.69,39.7101506740682,-0.123897232115269,25220,100.47,2354.53159,523.591035,30.26931856,82.3431403647898,0.441836088895798,17.05,2355,58.208,2600.28680200357,0.739,54.3656602678365,"Yes","Europe"
"NOR",100,100,2.69589201685045,2.6911,7.04232094266605,101.43,NA,210.271296081556,101.62,33.3399069828592,1.82778358459473,365094,101.56,4369.86119,3566.091645,6.642383374,14.6479975020132,1.79789400100708,60.6,3931628.23,82.616,71429.9604928742,0.188,75.5267656619883,"Yes","Europe"
"OMN",100,100,4.72180936995153,1.634,16.4563584347506,136.09,566.923,485.848663926002,127.88,0.00807754442649435,0.206465542316437,309500,113.87,20218.36962,1063.504532,44.57247023,14.8716252019386,0.275505721569061,0.01,580240,85.443,304.164798225763,0.602,54.1666608521626,"Yes","Asia"
"PAK",47.6,93.9,47.1188771274388,177.11,0.824459652346009,101.62,192.977927,152.385293154274,113.59,4.88693441261934,-0.718147814273834,770880,117.91,163680.484,67252.1007,62.57424987,289.660232461602,-0.687235057353973,45.88,649247,36.907,246.312831268366,0.6,38.0865528228409,"Yes","Asia"
"PAN",100,93.9,29.4284173631707,1.2114,3.09505043316861,114.48,94.840477,63.9412212389381,110.16,56.9594230250741,0.0999356582760811,74180,108.22,4972.85383,1254.216177,13.20059479,57.0575896468051,0.380994021892548,18.91,240024.91,68.059,32273.8256910993,0.811,49.3496796999147,"Yes","Americas"
"PNG",9.3,23.6,3.10029589718677,0.3921,0.782552890305524,100.92,30.685844,119.307234042553,102.51,79.2502981053747,-0.792493879795074,452860,104.93,10831.25169,1720.112115,16.2311858,21.0716027028221,-0.543229758739471,53.12,292974.94,13.25,83940.3903762604,0.598,36.368205576724,"Yes","Oceania"
"PRY",68.5,99.7,42.3084319154291,2.413,1.24066887329392,101.14,1.842301,113.565724545839,102.31,41.2323181474956,-0.576705813407898,397300,105.66,29160.61741,10380.294,12.51891553,16.436008054367,-0.13721576333046,60.09,29690.46,61.879,17917.2334076465,0.756,48.4895520611367,"Yes","Americas"
"PER",82.4,95.551360223182,19.1236640625,38.55,1.73564177469023,114.72,340.335049,141.662031949938,115.72,56.643125,-0.12579932808876,1280000,119.91,31745.39506,10358.17967,30.82669477,25.64442265625,0.517202258110046,27.14,5014100.01,78.099,49992.5955512805,0.809,49.1996019823212,"Yes","Americas"
"PHL",46.3,95.2904739379883,42.3785089043163,85.86714704,1.32152779028498,101.62,926.888641,195.484381037567,101.27,23.9920179763222,0.0599960312247276,298170,100.09,65051.00831,14320.43404,18.82613108,370.194197940772,0.100199609994888,26.8,4188402.04,47.149,4339.5226583057,0.773,43.4822920990561,"Yes","Asia"
"POL",100,100,47.4437293783281,8.983979,7.76885578278686,90.08,317.866,176.508367254636,101.87,30.939858220901,0.512944579124451,306110,115.14,29697.60317,23410.46607,22.6420051,124.025595374212,1.01351165771484,15.62,256162,60.037,1411.8090185886,0.42,61.5487328871213,"Yes","Europe"
"PRT",100,100,43.1253165745326,6.12953,4.33244804259817,117.83,536.98922,183.539061943286,111.67,36.154994891142,1.1342910528183,91605.6,102.86,11437.36626,3157.767575,8.254802244,112.288582794065,0.957910358905792,28.19,198739.85,65.764,3694.24736660923,0.634,62.8250188429222,"Yes","Europe"
"QAT",100,100,6.44038294168842,0.25,31.8772030129291,128.76,12739.81097,220.131428571429,136.75,0,0.707452416419983,11490,142.66,30718.7291,618.527564,76.04929303,244.319843342037,0.66883385181427,0.06,17152,99.188,19.9484546181563,0.154,57.0665119962737,"Yes","Asia"
"ROU",100,100,60.0921418636996,6.416,3.81706295716296,123.84,3.334,83.5992638857908,112.45,30.1158292767733,-0.215014025568962,230080,87.6,16638.64093,9673.44045,15.67108952,84.1952712100139,0.443314433097839,23.54,23775.18,54.084,2187.7333306903,0.692,51.3101440989831,"Yes","Europe"
"RUS",78.5,99.7779693603516,13.1584362579663,64.82,11.7971941673637,111.49,6480.99978,22.5914475252571,109.98,49.7843360788722,0.024324506521225,16376870,107.98,620983.1588,67353.29879,11.59553193,8.81769599441163,-0.476597219705582,3.22,5231713.15,74.587,29860.2011446027,0.661,61.1105590196505,"Yes","Europe"
"RWA",3.2,46.6,77.1787596270774,0.61,0.113057797770289,127.77,0,25.0389093959731,122.72,11.1471422780705,0.0929242670536041,24670,101.36,2646.873549,1998.336095,36.18491574,520.268666396433,-0.0101915299892426,81.8,24760.2,17.313,740.16200042571,0.585,44.0719216531408,"Yes","Africa"
"WSM",35.3,99.2,17.773381294964,NA,1.31521200537977,80.08,0,5.63596102745793,73.23,58.3273381294964,0.436201512813568,2780,49.65,246.008065,42.549576,11.01483371,76.2248201438849,-0.260609269142151,34.21,11226.12,18.056,NA,0.761,47.0120200703444,"Yes","Oceania"
"STP",3.09999999999999,75.1229476928711,43.75,0.0409,0.6533115252168,105.25,0.572749,51.6,105.53,54.7083333333333,-0.754292130470276,960,104.48,11.182034,16.126407,31.05885758,223.540625,-0.967672407627106,38.62,NA,73.598,10158.4816331856,0.673,42.350189616745,"Yes","Africa"
"SAU",100,99.99,80.7634751987496,23.38,14.7030166496769,152.11,2043.245359,87.6384839650146,137.09,0.454484134921779,0.261315554380417,2149690,126.49,104821.5282,8206.529572,61.50824107,16.6662923491294,-0.088528037071228,0.03,141039.8,84.065,66.9879071755269,0.324,54.7582378266426,"No","Asia"
"SEN",28.6,70.4,48.7975899859762,3.0616,0.768574983933597,163.8,2.091018,18.5655935397039,152.2,42.1137485067262,-0.134347766637802,192530,121.02,11393.57645,5696.805225,60.21139678,83.1079883654495,-0.175264254212379,36.89,517151.27,47.653,1612.4212936856,0.552,41.0774232296541,"Yes","Africa"
"SRB",78.2,99.8,39.5609421449806,5.6186,6.62757991630233,108.25,13.313,87.1015936409461,107.88,31.1253144294535,-0.0166272595524788,87460,106.81,11537.69348,4089.660916,25.35417205,79.4104161902584,0.097264789044857,21.53,9353.77,56.26,1210.47020007242,0.49,51.6897619271371,"Yes","Europe"
"SYC",100,100,3.3695652173913,0.011294,6.09782330345711,100.97,2.40769,845.066666666667,101.94,73.2608695652174,0.62259715795517,460,102.18,93.604624,4.061634,15.5639189,212.228260869565,0.0288456808775663,1.21,142169.4,57.119,NA,0.445,50.2607539455981,"No","Africa"
"SLE",0.700000000000001,22.7,54.7104461069548,0.2122,0.129094346244259,77.07,NA,17.1477083333333,78.18,35.3922139096703,-1.17459666728973,72180,99.16,3550.175785,1113.522576,51.09606544,111.482793017456,-0.916900396347046,75.44,202200,42.484,19883.6112813645,0.486,37.2003801640099,"No","Africa"
"SGP",100,100,0.921787709497207,0.493,7.91841038479591,107.18,6411.98982815646,138.214285714286,123.76,21.9972067039106,2.23171925544739,716,127.08,4251.251481,9929.268881,18.76588248,7965.87849162011,2.15443754196167,0.89,7249.08,100,105.197289626899,0.099,71.4436591273973,"Yes","Asia"
"SVK",100,100,39.2054908485857,0.5586,5.68970729978492,93.5,0,129.178791697554,97.94,40.05615640599,0.549811840057373,48080,106.85,4411.837499,2043.785603,18.36521464,113.43899750416,0.997581124305725,17.64,4540.54,53.729,2310.16875782776,0.285,57.7155139732995,"Yes","Europe"
"SVN",100,100,30.4066268051886,0.944,6.54333372438511,93.98,0.35950656,255.443359267229,99.91,61.5730716513379,1.04191696643829,20136.4,103.51,1717.443293,823.274165,16.96940443,103.711934605987,0.997022330760956,20.86,2425.26,54.822,8939.92247598024,0.455,65.152257753482,"Yes","Europe"
"SLB",8.9,69.3951644897461,4.28724544480171,NA,0.451560238402472,103.67,0,18.3369565217391,100.05,90.1643444087174,-0.88116580247879,27990,101.25,408.969313,23.099995,12.89495904,24.115505537692,-0.835665345191956,48.36,74042.88,24.21,66222.9089783153,NA,39.8985859637159,"Yes","Oceania"
"SOM",3.1,49.2,70.3398476105461,3.298,0.041029202880867,101.5,0,0.845409090909091,100.51,9.6546529792457,-2.2808883190155,627340,100.38,18645.44144,6526.808863,30.36142727,25.4747027130424,-2.14859175682068,95.03,NA,45.554,375.438794090593,NA,33.680382065791,"Yes","Africa"
"ZAF",87.1,85,79.4178502831612,20,7.68890762322173,106.92,565.20947,91.7907675,104.54,14.0850967364334,0.12788100540638,1213090,103.04,73420.57871,18209.84905,28.67475434,47.8835494481036,0.00850539095699787,8.84,458339.68,66.856,771.256177473621,0.678,48.6939605108667,"Yes","Africa"
"SSD",0,6.77396583557129,44.7057427246689,0.658,0.174641876951273,110.17,NA,0.089551927172506,107.01,11.3256215087114,-2.38367080688477,631930,105.4,29005.56131,18251.21843,37.55277786,16.5329482695868,-1.984623670578,31.56,32035,19.899,2488.59410321884,NA,NA,"Yes","Africa"
"ESP",100,100,52.4584917258728,29.2145,5.13179880095904,102.04,1191.466578,157.475905695908,106.66,37.1677215644695,0.968881249427795,499570.036,114.22,39342.10777,20518.47549,9.728788477,94.3508089023978,1.037264585495,16.68,1199740.05,80.565,2359.18923406906,0.443,61.8414842653767,"Yes","Europe"
"LKA",30.2,99.7613525390625,45.4472947072851,12.946,1.07452644131542,101.09,394.05,190.038968401823,107.94,34.2067102490331,-0.124889262020588,61864.47,113.66,7986.473398,2525.131151,19.96439581,352.431694638296,-0.232445597648621,46.13,506076.89,18.585,2421.68508920791,0.836,46.5322516183549,"Yes","Asia"
"KNA",100,100,23.0769230769231,0.0122,5.18737424547284,111.06,NA,5.196,97.08,42.3076923076923,0.490093946456909,260,63.96,81.219383,7.189432,8.789142812,183.507692307692,0.486974269151688,1.29,654,30.799,503.018108651912,NA,54.6131552683368,"Yes","Americas"
"LCA",94.8,100,16.2950819672131,0.0429,2.9935660169221,96.11,NA,239.779026217228,98.81,34.0491803278688,0.341672003269196,610,104.44,270.581816,27.733738,21.22131742,292.759016393443,0.30028572678566,10.02,1964.82,18.754,1679.89114305393,NA,53.7884437047455,"Yes","Americas"
"VCT",93.7,100,17.9487179487179,0.0079,2.24066943692577,105.3,NA,133.225,104.15,73.1794871794872,0.341672003269196,390,93.71,67.506634,9.922406,21.12973864,269.035897435897,0.274758160114288,5.39,1969.03,52.614,953.070794098586,NA,NA,"Yes","Americas"
"SDN",58,57.5705184936523,60.3129764453961,26.935,0.511922936509227,125.21,0.0755,7.10307199292779,114.97,9.92061563169165,-1.65864384174347,1868000,104.78,55211.20151,28787.08178,54.67729786,23.1435187366167,-1.66968011856079,59.64,50770,34.936,92.5238572187564,NA,32.9297459776374,"Yes","Africa"
"SUR",93.9,97.9301605224609,0.538461538461538,0.6159,4.42581305045302,89.67,32.227,127.056935483871,94.71,97.4905769230769,-0.626823604106903,156000,118.51,1406.073303,186.922735,21.17742119,3.84808333333333,-0.701412081718445,14.84,31457.5,66.095,164917.266504637,0.7,46.7708666313127,"Yes","Americas"
"SWE",100,100,7.37761126098893,2.4614,3.40159396635064,105.2,985.655671715528,97.6894792372014,100.78,68.6990605243879,1.67409884929657,407283.59,97.57,4853.871648,6193.201422,5.647572855,25.2376654802124,1.79326152801514,52.87,195916.3,87.708,16636.0424042019,0.294,71.7667760214455,"Yes","Europe"
"CHE",100,100,38.1050341397781,1.704,4.35860986463416,98.23,1640.735,163.427996982906,97.32,32.034468558678,1.91630423069,39509.63,97.07,5041.752034,2400.088339,9.902709701,217.042781721823,1.65198791027069,24.76,3740.44,73.849,4711.21642675225,0.26,72.6185120842543,"Yes","Europe"
"SYR",96.9,89.2305679321289,75.7574143658444,13.9644,1.33545948848982,129.66,0.024356690607853,7.12751813862705,113.74,2.84310842454937,-1.74486637115479,183630,83.99,15039.56887,3189.318019,30.95362503,109.449714099003,-1.779421210289,0.99,6330,54.821,354.856748480253,0.604,38.0351092496507,"No","Asia"
"TJK",83.3,99.4458847045898,35.4362706246848,10.602,0.960233171179232,131.18,2.5060054231253,91.9347429519071,138.7,3.0463289862382,-1.11671459674835,138790,146.88,5640.656746,2413.056145,38.31858602,67.2743209164925,-1.06183338165283,40.07,2452.33,27.309,6796.61343152615,0.719,48.184605125447,"Yes","Asia"
"TZA",5.59999999999999,37.7,44.3776247459923,5.184,0.249877326981355,104.94,0.962933,8.98016530166428,108.47,52.1720478663355,-0.85467791557312,885800,123.39,43778.73923,26646.18699,24.74048013,67.5915319485211,-0.668204069137573,83.54,619825.66,34.5,1402.97948414749,0.569,39.803899215985,"Yes","Africa"
"THA",83.1,99.9,45.019475816712,57.307,3.84904375698898,102.49,2327.667095,112.36776547619,100.22,38.9692497406487,0.260645478963852,510890,101.28,74809.1613,19638.99461,27.40271356,139.57557008358,-0.0219450928270817,23.95,2490448.92,50.692,3148.46505562094,0.736,51.6387522460947,"Yes","Asia"
"TLS",12.85,90.6324844360352,22.9589778076664,1.172,0.482334951008952,92.16,NA,0.52932735426009,91.85,62.0376597175521,-0.858102381229401,14870,105.9,5123.325408,303.92411,15.65130893,86.1088096839274,-0.775254309177399,11.67,5593,30.947,6415.77335255592,NA,43.9406521336566,"Yes","Asia"
"TGO",9.8,52.4619178771973,70.2334988049274,0.223,0.296284380597868,109.57,14.624076,2.67603773584906,108.67,22.2877367163081,-0.972789764404297,54390,113.42,2808.90606,1757.190998,46.21037553,151.555322669608,-0.744945108890533,76.2,26526,42.248,1395.10722551508,0.555,41.2831941272102,"No","Africa"
"TON",82.9,98.4,48.6111111111111,NA,1.53881335099237,96.04,NA,15.5305,96.98,12.4305555555556,0.205689504742622,720,101.79,92.062022,51.948659,10.58622123,145.765277777778,-0.319078892469406,1.77,1302.61,23.107,NA,NA,40.7751512978567,"Yes","Oceania"
"TTO",100,100,10.5263157894737,0.3362,11.3130322937192,101.05,47.338148,360.3164,93.92,44.5633528265107,0.0881585031747818,5130,91.96,7573.846313,419.460586,21.97072547,296.287524366472,-0.192311719059944,0.43,12995.71,53.187,2526.39058393176,0.401,48.6695687183629,"Yes","Americas"
"TUN",99.8,100,62.4388516992791,3.793,2.57649522620126,106.28,13.092473,55.666527864259,104.15,4.51338825952626,-0.0353328697383404,155360,98.83,6705.826456,3341.790675,30.42981942,77.5573764160659,-0.385123878717422,12.19,153895.2,69.254,348.152600222718,0.792,52.4674973173711,"Yes","Africa"
"TUR",95.4,100,49.0053662149344,61.53358,4.82896105858795,109.98,6815.50975,125.96608784474,115.05,28.6687888985616,-0.0203610323369503,769630,124.45,49343.09693,34965.32807,26.03180162,107.297584553617,-0.0204177498817444,14.12,836550.96,75.63,2748.8682412959,0.703,55.9796111863456,"Yes","Asia"
"TKM",99.9,99.9,72.0064690485817,27.7081,10.2675361537537,129.47,16.55784,241.907216494845,111.39,8.78215904496414,-1.01762771606445,469930,109.95,146450.6815,6209.155827,26.19766251,13.1049730810972,-2.02918887138367,0.06,15140,52.048,228.142932765222,0.286,44.4438457894932,"No","Asia"
"UGA",0.800000000000001,41.3,71.8880909634949,0.637,0.138373161893107,122.71,0.055324647,3.36627246376812,118.7,11.8649012567325,-0.648771643638611,200520,107.67,20336.86425,11883.61975,35.21822646,214.188509874327,-0.414516240358353,91.62,706166.7,24.361,908.052046749313,0.586,35.2470413484309,"Yes","Africa"
"UKR",95.2,100,71.2996202968588,10.596,3.93365253612705,112.83,75.617661,65.0731988822743,109.39,16.7138419054194,-0.334168434143066,579400,98.9,33097.25686,27478.1106,14.53144476,76.6071850189852,-0.216642439365387,7.44,100334.34,69.473,1241.3767404254,0.754,53.1353477807992,"Yes","Europe"
"ARE",100,100,5.49704308645452,2.443,20.1533448325312,102.55,14765.5995814573,631.829458917836,114.48,4.46775556181357,1.38031601905823,71020,124.34,58152.42344,1921.149836,43.66702552,129.705111236271,0.968137919902802,0.67,65873,86.789,16.2837152968244,0.126,60.5041012011214,"Yes","Asia"
"GBR",100,100,72.4229988013062,8.419,5.17584247261224,101.09,5851.19,245.004665440953,103.58,13.1525647914686,1.44990789890289,241930,104.95,51502.79186,29218.81967,10.09284402,276.263080229819,1.61285722255707,11.39,852817.59,83.652,2169.47888234493,0.42,70.5061579976174,"Yes","Europe"
"USA",100,100,44.363367353855,444.3961117745,14.6733807134556,93.69,42498.262662,128.840691836021,99.65,33.8669264120375,1.45355904102325,9147420,109.31,784496.7542,263498.7814,7.663692516,35.8931756713915,1.33457458019257,10.42,5315021.71,82.459,8582.82948068402,0.163,67.4789319468392,"Yes","Americas"
"URY",100,99.9,80.7182036338704,3.66,1.98538155745128,97.46,NA,167.010726428195,101.5,11.4844017826534,0.643163442611694,175020,103.76,20757.06355,7949.108044,9.533862914,19.588669866301,0.61363160610199,59.34,68122.77,95.426,26892.9407197333,0.569,56.2408275561065,"Yes","Americas"
"UZB",83.5,99.9989929199219,58.0070592775022,58.904,3.50466269708326,95.7,70.49835,272.468739308293,105.23,8.31637366503615,-0.600062251091003,440555,111.6,54437.5601,16784.19272,34.78609557,76.2228325634711,-1.05532276630402,1.56,121717,50.433,486.594094462982,0.764,51.16308798144,"No","Asia"
"VUT",7.6,64.5021820068359,15.3404429860541,NA,0.548284516629216,110.91,2.10991073558386,0.493,104.89,36.2838392124692,-0.517501175403595,12190,83.4,379.68405,90.02069,12.88296752,24.9716160787531,-0.425862520933151,31.63,51049.63,25.394,32851.0794864719,0.654,40.3872368010316,"Yes","Oceania"
"VEN",95.9,99.8447799682617,24.3750354288306,22.6211,3.71059907013341,83.63,0.183573,47.1396692307692,82.12,52.4596111331557,-1.72234714031219,882050,81.91,127823.4067,12789.93729,21.74698878,32.8458511422255,-2.38258337974548,15.77,209936,88.24,27785.7520393275,0.696,40.5413797804492,"Yes","Americas"
"VNM",93,99.4,39.5241027473527,81.862,3.56784836932601,105.37,1022.84225,427.779688974057,104.83,46.4768416451573,0.0279832296073437,313429,107.75,80654.40212,24699.04861,20.3898157,305.577071681306,-0.375260800123215,20.65,7941250.31,36.628,3752.68661331007,0.736,47.1046105497772,"Yes","Asia"
"YEM",61.4,72.7765731811523,44.4191904843078,3.565,0.354864476911382,104.67,0,10.5729188255613,104.33,1.03983180862549,-2.32937264442444,527970,105.25,10773.8968,3477.287271,44.46696713,59.7509157717295,-1.70266783237457,3.01,131315.73,37.273,66.5679959904511,0.506,35.0647930224937,"No","Asia"
"ZMB",11.5,43,32.0679589448338,1.572,0.414336363523101,109.64,79.335,67.5756,112.74,60.5365151535533,-0.741947412490845,743390,112.89,15729.51107,12623.0162,25.92546019,24.7252142213374,-0.613412022590637,81.48,135943,44.072,4363.32528258108,0.629,42.2282592172843,"No","Africa"
"ZWE",30.2,46.6820945739746,41.8766963939511,3.771381651,0.663338328142275,103.85,0,33.2,105.55,45.2130024557322,-1.31977355480194,386850,106.67,12457.22536,5195.279439,20.83469969,39.6913739175391,-1.48651528358459,81.52,46925.27,32.21,798.457375141065,0.615,35.1723200618998,"Yes","Africa"
